6m0j:ChainA:THR20	-66.005500	171.177464	General
6m0j:ChainA:ILE21	-71.051583	-37.182056	General
6m0j:ChainA:GLU22	-64.552136	-43.667379	General
6m0j:ChainA:GLU23	-62.352025	-33.331321	General
6m0j:ChainA:GLN24	-72.582865	-39.878356	General
6m0j:ChainA:ALA25	-60.504906	-41.491860	General
6m0j:ChainA:LYS26	-57.483832	-42.818932	General
6m0j:ChainA:THR27	-71.428254	-36.777882	General
6m0j:ChainA:PHE28	-61.325759	-48.018357	General
6m0j:ChainA:LEU29	-63.517703	-37.135298	General
6m0j:ChainA:ASP30	-56.980091	-42.380272	General
6m0j:ChainA:LYS31	-70.156418	-44.030474	General
6m0j:ChainA:PHE32	-57.550923	-50.165773	General
6m0j:ChainA:ASN33	-51.713811	-45.283506	General
6m0j:ChainA:HIS34	-73.822036	-40.997975	General
6m0j:ChainA:GLU35	-65.103350	-43.271551	General
6m0j:ChainA:ALA36	-63.165418	-42.797304	General
6m0j:ChainA:GLU37	-53.793059	-44.763050	General
6m0j:ChainA:ASP38	-75.411264	-42.953101	General
6m0j:ChainA:LEU39	-65.406567	-40.070790	General
6m0j:ChainA:PHE40	-64.203832	-35.949916	General
6m0j:ChainA:TYR41	-66.613374	-42.931430	General
6m0j:ChainA:GLN42	-62.179707	-47.243110	General
6m0j:ChainA:SER43	-54.933592	-54.235498	General
6m0j:ChainA:SER44	-56.482796	-39.798079	General
6m0j:ChainA:LEU45	-65.248862	-43.385289	General
6m0j:ChainA:ALA46	-68.287470	-38.676479	General
6m0j:ChainA:SER47	-63.355044	-35.424440	General
6m0j:ChainA:TRP48	-65.227789	-43.485286	General
6m0j:ChainA:ASN49	-68.745465	-31.433890	General
6m0j:ChainA:TYR50	-66.944221	-44.583116	General
6m0j:ChainA:ASN51	-76.806529	-13.931729	General
6m0j:ChainA:THR52	-106.806071	4.321107	General
6m0j:ChainA:ASN53	-168.490386	81.635895	General
6m0j:ChainA:ILE54	-76.748893	105.043523	General
6m0j:ChainA:THR55	-136.606511	159.592878	General
6m0j:ChainA:GLU56	-65.861809	-40.472580	General
6m0j:ChainA:GLU57	-58.733232	-33.395235	General
6m0j:ChainA:ASN58	-79.862289	-34.403851	General
6m0j:ChainA:VAL59	-53.822515	-38.775279	General
6m0j:ChainA:GLN60	-68.037692	-56.823896	General
6m0j:ChainA:ASN61	-54.996087	-37.085667	General
6m0j:ChainA:MET62	-66.154861	-40.213192	General
6m0j:ChainA:ASN63	-70.331858	-41.041990	General
6m0j:ChainA:ASN64	-65.009990	-49.612871	General
6m0j:ChainA:ALA65	-64.784348	-33.676379	General
6m0j:ChainA:GLY66	-69.713785	-35.780282	Glycine
6m0j:ChainA:ASP67	-63.947686	-47.342851	General
6m0j:ChainA:LYS68	-53.206194	-45.177137	General
6m0j:ChainA:TRP69	-66.891360	-43.051152	General
6m0j:ChainA:SER70	-61.439797	-42.546577	General
6m0j:ChainA:ALA71	-64.519015	-43.400038	General
6m0j:ChainA:PHE72	-55.161180	-40.352494	General
6m0j:ChainA:LEU73	-71.872960	-43.722285	General
6m0j:ChainA:LYS74	-58.948247	-45.219019	General
6m0j:ChainA:GLU75	-62.252869	-42.617520	General
6m0j:ChainA:GLN76	-72.955133	-27.079586	General
6m0j:ChainA:SER77	-67.468728	-50.288530	General
6m0j:ChainA:THR78	-50.626252	-52.435266	General
6m0j:ChainA:LEU79	-58.517436	-41.288078	General
6m0j:ChainA:ALA80	-66.024639	-28.354171	General
6m0j:ChainA:GLN81	-69.534039	-9.408298	General
6m0j:ChainA:MET82	-85.566910	3.847546	General
6m0j:ChainA:TYR83	-115.934103	115.495579	Pre-Pro
6m0j:ChainA:PRO84	-77.383609	128.091686	Proline
6m0j:ChainA:LEU85	-57.457395	-30.442790	General
6m0j:ChainA:GLN86	-50.740589	-25.632322	General
6m0j:ChainA:GLU87	-113.124476	28.844324	General
6m0j:ChainA:ILE88	-122.800702	125.174647	General
6m0j:ChainA:GLN89	-100.743856	-41.406386	General
6m0j:ChainA:ASN90	-60.602048	119.199034	General
6m0j:ChainA:LEU91	-74.635114	-38.358865	General
6m0j:ChainA:THR92	-68.167773	-32.672719	General
6m0j:ChainA:VAL93	-60.972500	-42.174920	General
6m0j:ChainA:LYS94	-64.253111	-41.128151	General
6m0j:ChainA:LEU95	-60.521082	-45.151616	General
6m0j:ChainA:GLN96	-67.952194	-48.424447	General
6m0j:ChainA:LEU97	-56.488725	-42.735619	General
6m0j:ChainA:GLN98	-65.653894	-41.174600	General
6m0j:ChainA:ALA99	-59.247224	-42.285761	General
6m0j:ChainA:LEU100	-74.861740	-26.922308	General
6m0j:ChainA:GLN101	-76.875077	-27.966191	General
6m0j:ChainA:GLN102	-55.936753	93.905838	General
6m0j:ChainA:ASN103	-63.655098	-29.817474	General
6m0j:ChainA:GLY104	67.261341	-115.254969	Glycine
6m0j:ChainA:SER105	-67.181773	-34.151786	General
6m0j:ChainA:SER106	-65.303985	4.765825	General
6m0j:ChainA:VAL107	-86.491109	-18.110613	General
6m0j:ChainA:LEU108	-76.923414	154.966034	General
6m0j:ChainA:SER109	-52.838091	154.831625	General
6m0j:ChainA:GLU110	-58.332852	-38.552351	General
6m0j:ChainA:ASP111	-64.873886	-43.409175	General
6m0j:ChainA:LYS112	-67.179981	-38.306401	General
6m0j:ChainA:SER113	-61.340319	-47.382194	General
6m0j:ChainA:LYS114	-63.102616	-43.928211	General
6m0j:ChainA:ARG115	-55.049249	-46.162471	General
6m0j:ChainA:LEU116	-63.470457	-47.026992	General
6m0j:ChainA:ASN117	-64.230039	-32.517442	General
6m0j:ChainA:THR118	-65.884779	-47.225634	General
6m0j:ChainA:ILE119	-57.087239	-48.168315	General
6m0j:ChainA:LEU120	-56.455979	-46.459794	General
6m0j:ChainA:ASN121	-61.234290	-44.233001	General
6m0j:ChainA:THR122	-65.699221	-47.730562	General
6m0j:ChainA:MET123	-57.322486	-37.098092	General
6m0j:ChainA:SER124	-67.447518	-44.927506	General
6m0j:ChainA:THR125	-76.223650	-27.228976	General
6m0j:ChainA:ILE126	-60.468095	-41.195194	General
6m0j:ChainA:TYR127	-68.880170	-47.024707	General
6m0j:ChainA:SER128	-78.509332	-23.604652	General
6m0j:ChainA:THR129	-107.699151	0.473113	General
6m0j:ChainA:GLY130	-66.885888	140.360622	Glycine
6m0j:ChainA:LYS131	-144.020241	150.461213	General
6m0j:ChainA:VAL132	-123.409777	141.339664	General
6m0j:ChainA:CYS133	-113.112724	143.452561	General
6m0j:ChainA:ASN134	-68.625873	145.774539	Pre-Pro
6m0j:ChainA:PRO135	-67.932398	11.091415	Proline
6m0j:ChainA:ASP136	-116.620736	-24.083593	General
6m0j:ChainA:ASN137	-137.355669	95.896393	Pre-Pro
6m0j:ChainA:PRO138	-63.560086	-5.260162	Proline
6m0j:ChainA:GLN139	-108.119533	-12.966247	General
6m0j:ChainA:GLU140	-96.872615	107.704475	General
6m0j:ChainA:CYS141	-123.797945	160.734057	General
6m0j:ChainA:LEU142	-124.457655	141.142666	General
6m0j:ChainA:LEU143	-89.149730	170.888581	General
6m0j:ChainA:LEU144	-57.704813	-54.179371	General
6m0j:ChainA:GLU145	-115.992155	117.482592	Pre-Pro
6m0j:ChainA:PRO146	-87.528329	-16.022668	Proline
6m0j:ChainA:GLY147	-62.155417	-62.340168	Glycine
6m0j:ChainA:LEU148	-69.255683	-37.325384	General
6m0j:ChainA:ASN149	-57.828544	-38.631066	General
6m0j:ChainA:GLU150	-65.659717	-38.861488	General
6m0j:ChainA:ILE151	-62.327432	-51.162486	General
6m0j:ChainA:MET152	-70.362583	-17.756041	General
6m0j:ChainA:ALA153	-98.218515	-20.600321	General
6m0j:ChainA:ASN154	-123.612111	-26.623502	General
6m0j:ChainA:SER155	-74.141563	137.788347	General
6m0j:ChainA:LEU156	-99.187572	-4.228449	General
6m0j:ChainA:ASP157	-82.441126	117.556163	General
6m0j:ChainA:TYR158	-54.102262	-44.877407	General
6m0j:ChainA:ASN159	-77.538880	-33.367076	General
6m0j:ChainA:GLU160	-61.175531	-49.466441	General
6m0j:ChainA:ARG161	-57.608160	-42.689541	General
6m0j:ChainA:LEU162	-62.198392	-43.582590	General
6m0j:ChainA:TRP163	-61.706713	-45.234442	General
6m0j:ChainA:ALA164	-62.070485	-49.892815	General
6m0j:ChainA:TRP165	-56.395293	-52.964718	General
6m0j:ChainA:GLU166	-69.751797	-43.958098	General
6m0j:ChainA:SER167	-74.260450	-26.465079	General
6m0j:ChainA:TRP168	-59.921980	-46.267663	General
6m0j:ChainA:ARG169	-73.952372	-28.621171	General
6m0j:ChainA:SER170	-90.198910	-26.623107	General
6m0j:ChainA:GLU171	-86.493499	-44.314349	General
6m0j:ChainA:VAL172	-101.230668	-39.907774	General
6m0j:ChainA:GLY173	-61.378281	-42.125764	Glycine
6m0j:ChainA:LYS174	-61.521055	-38.412738	General
6m0j:ChainA:GLN175	-60.997996	-34.304640	General
6m0j:ChainA:LEU176	-77.809510	-16.879302	General
6m0j:ChainA:ARG177	-59.315218	-56.535135	Pre-Pro
6m0j:ChainA:PRO178	-61.370775	-40.770078	Proline
6m0j:ChainA:LEU179	-58.263133	-46.027506	General
6m0j:ChainA:TYR180	-62.787067	-35.796702	General
6m0j:ChainA:GLU181	-61.007410	-42.051766	General
6m0j:ChainA:GLU182	-77.675404	-29.843390	General
6m0j:ChainA:TYR183	-58.146263	-46.300010	General
6m0j:ChainA:VAL184	-60.424761	-44.514378	General
6m0j:ChainA:VAL185	-60.406504	-47.628810	General
6m0j:ChainA:LEU186	-71.334793	-42.626856	General
6m0j:ChainA:LYS187	-59.991350	-37.828335	General
6m0j:ChainA:ASN188	-66.612716	-42.054590	General
6m0j:ChainA:GLU189	-57.966296	-45.123785	General
6m0j:ChainA:MET190	-58.125947	-46.232893	General
6m0j:ChainA:ALA191	-70.386515	-45.155653	General
6m0j:ChainA:ARG192	-63.165847	-38.851045	General
6m0j:ChainA:ALA193	-60.859060	-30.383734	General
6m0j:ChainA:ASN194	-88.124233	17.048889	General
6m0j:ChainA:HIS195	65.966880	31.888414	General
6m0j:ChainA:TYR196	-98.295592	161.413391	General
6m0j:ChainA:GLU197	-80.681106	-23.657135	General
6m0j:ChainA:ASP198	-170.486412	-177.479524	General
6m0j:ChainA:TYR199	-72.157913	-29.470063	General
6m0j:ChainA:GLY200	-65.444181	-45.953641	Glycine
6m0j:ChainA:ASP201	-55.737714	-41.043459	General
6m0j:ChainA:TYR202	-54.770900	-49.636039	General
6m0j:ChainA:TRP203	-60.765559	-44.682930	General
6m0j:ChainA:ARG204	-61.450501	-12.414099	General
6m0j:ChainA:GLY205	-55.752772	-26.181705	Glycine
6m0j:ChainA:ASP206	-56.223355	-26.630039	General
6m0j:ChainA:TYR207	-97.017619	-5.070053	General
6m0j:ChainA:GLU208	-66.060073	136.938147	General
6m0j:ChainA:VAL209	-134.120345	129.396906	General
6m0j:ChainA:ASN210	-127.067478	147.733562	General
6m0j:ChainA:GLY211	68.133120	32.041100	Glycine
6m0j:ChainA:VAL212	-134.826986	101.285638	General
6m0j:ChainA:ASP213	-55.540265	132.247808	General
6m0j:ChainA:GLY214	77.236166	7.762333	Glycine
6m0j:ChainA:TYR215	-139.815871	4.153692	General
6m0j:ChainA:ASP216	-65.645731	162.348648	General
6m0j:ChainA:TYR217	-159.895581	124.332812	General
6m0j:ChainA:SER218	-92.514407	161.907862	General
6m0j:ChainA:ARG219	-68.079963	-35.172499	General
6m0j:ChainA:GLY220	-72.769085	-24.712679	Glycine
6m0j:ChainA:GLN221	-62.876874	-29.249884	General
6m0j:ChainA:LEU222	-64.000107	-39.653570	General
6m0j:ChainA:ILE223	-56.655115	-43.262158	General
6m0j:ChainA:GLU224	-73.729354	-39.700174	General
6m0j:ChainA:ASP225	-71.578506	-33.884811	General
6m0j:ChainA:VAL226	-65.215487	-45.134896	General
6m0j:ChainA:GLU227	-66.131952	-42.134894	General
6m0j:ChainA:HIS228	-66.619973	-45.561771	General
6m0j:ChainA:THR229	-66.807391	-29.701377	General
6m0j:ChainA:PHE230	-69.196398	-37.738779	General
6m0j:ChainA:GLU231	-54.808710	-39.270925	General
6m0j:ChainA:GLU232	-74.742083	-17.037031	General
6m0j:ChainA:ILE233	-83.501231	-27.964525	General
6m0j:ChainA:LYS234	-49.771222	-40.857210	Pre-Pro
6m0j:ChainA:PRO235	-70.519708	-42.192979	Proline
6m0j:ChainA:LEU236	-54.056972	-45.520359	General
6m0j:ChainA:TYR237	-69.068404	-43.493094	General
6m0j:ChainA:GLU238	-56.170375	-41.346924	General
6m0j:ChainA:HIS239	-72.773698	-40.615537	General
6m0j:ChainA:LEU240	-57.352255	-48.774658	General
6m0j:ChainA:HIS241	-56.807082	-46.412498	General
6m0j:ChainA:ALA242	-66.659294	-39.240939	General
6m0j:ChainA:TYR243	-63.529549	-44.269095	General
6m0j:ChainA:VAL244	-65.969260	-40.929793	General
6m0j:ChainA:ARG245	-59.818712	-42.985665	General
6m0j:ChainA:ALA246	-64.858740	-43.351504	General
6m0j:ChainA:LYS247	-62.485915	-44.853444	General
6m0j:ChainA:LEU248	-67.208225	-33.014068	General
6m0j:ChainA:MET249	-64.387286	-37.950621	General
6m0j:ChainA:ASN250	-59.586438	-34.529090	General
6m0j:ChainA:ALA251	-88.435504	-26.096695	General
6m0j:ChainA:TYR252	-129.938452	62.315138	Pre-Pro
6m0j:ChainA:PRO253	-60.533973	-28.514589	Proline
6m0j:ChainA:SER254	-92.770159	2.348635	General
6m0j:ChainA:TYR255	-116.420585	-7.540157	General
6m0j:ChainA:ILE256	-131.652182	125.123210	General
6m0j:ChainA:SER257	-77.082795	142.314874	Pre-Pro
6m0j:ChainA:PRO258	-68.652792	-13.427113	Proline
6m0j:ChainA:ILE259	-120.016759	2.342168	General
6m0j:ChainA:GLY260	-97.776157	177.643234	Glycine
6m0j:ChainA:CYS261	-72.713783	161.303581	General
6m0j:ChainA:LEU262	-77.508748	132.297710	Pre-Pro
6m0j:ChainA:PRO263	-60.386257	131.649402	Proline
6m0j:ChainA:ALA264	-61.245766	-29.598759	General
6m0j:ChainA:HIS265	-82.703847	3.447908	General
6m0j:ChainA:LEU266	-111.669522	35.284219	General
6m0j:ChainA:LEU267	-115.162306	1.418626	General
6m0j:ChainA:GLY268	99.529388	-8.543011	Glycine
6m0j:ChainA:ASP269	-153.226089	-173.624934	General
6m0j:ChainA:MET270	-68.864714	-17.190948	General
6m0j:ChainA:TRP271	-128.275895	-8.142391	General
6m0j:ChainA:GLY272	66.851155	27.252053	Glycine
6m0j:ChainA:ARG273	-60.093853	-42.582558	General
6m0j:ChainA:PHE274	-129.223619	147.608365	General
6m0j:ChainA:TRP275	-97.380988	12.172295	General
6m0j:ChainA:THR276	-41.892344	-45.845043	General
6m0j:ChainA:ASN277	-81.660347	1.502848	General
6m0j:ChainA:LEU278	-79.864968	-0.167930	General
6m0j:ChainA:TYR279	-63.990394	-42.283823	General
6m0j:ChainA:SER280	-60.952374	-35.714031	General
6m0j:ChainA:LEU281	-84.468785	-12.266824	General
6m0j:ChainA:THR282	-120.636918	-2.302289	General
6m0j:ChainA:VAL283	-52.327430	126.188390	Pre-Pro
6m0j:ChainA:PRO284	-62.156771	-62.078500	Proline
6m0j:ChainA:PHE285	-106.631191	86.081807	General
6m0j:ChainA:GLY286	-72.454868	0.462629	Glycine
6m0j:ChainA:GLN287	-118.214474	-0.500461	General
6m0j:ChainA:LYS288	-75.361640	137.545792	Pre-Pro
6m0j:ChainA:PRO289	-66.746519	137.491542	Proline
6m0j:ChainA:ASN290	-86.809115	141.216449	General
6m0j:ChainA:ILE291	-72.460456	116.660726	General
6m0j:ChainA:ASP292	-142.255237	108.558308	General
6m0j:ChainA:VAL293	-87.831086	10.426784	General
6m0j:ChainA:THR294	-57.548199	-52.100210	General
6m0j:ChainA:ASP295	-53.945624	-43.153788	General
6m0j:ChainA:ALA296	-64.812833	-35.286808	General
6m0j:ChainA:MET297	-64.721306	-41.224573	General
6m0j:ChainA:VAL298	-69.764604	-39.339721	General
6m0j:ChainA:ASP299	-56.441889	-46.648351	General
6m0j:ChainA:GLN300	-84.101113	9.871738	General
6m0j:ChainA:ALA301	56.599433	39.752973	General
6m0j:ChainA:TRP302	-61.956421	152.038187	General
6m0j:ChainA:ASP303	-130.840088	-179.378815	General
6m0j:ChainA:ALA304	-56.267194	-42.434542	General
6m0j:ChainA:GLN305	-55.401855	-48.542563	General
6m0j:ChainA:ARG306	-59.465615	-43.610380	General
6m0j:ChainA:ILE307	-54.517189	-50.870666	General
6m0j:ChainA:PHE308	-72.579575	-29.011600	General
6m0j:ChainA:LYS309	-64.397555	-39.630563	General
6m0j:ChainA:GLU310	-62.288402	-43.543720	General
6m0j:ChainA:ALA311	-64.877499	-43.117751	General
6m0j:ChainA:GLU312	-53.706316	-48.473117	General
6m0j:ChainA:LYS313	-56.265612	-41.044814	General
6m0j:ChainA:PHE314	-55.717435	-51.874481	General
6m0j:ChainA:PHE315	-68.305896	-36.568862	General
6m0j:ChainA:VAL316	-63.048533	-32.016763	General
6m0j:ChainA:SER317	-64.559892	-21.862504	General
6m0j:ChainA:VAL318	-104.209607	9.637409	General
6m0j:ChainA:GLY319	104.311066	8.666175	Glycine
6m0j:ChainA:LEU320	-99.856536	153.123601	Pre-Pro
6m0j:ChainA:PRO321	-65.233186	158.038374	Proline
6m0j:ChainA:ASN322	-72.369700	175.606679	General
6m0j:ChainA:MET323	-70.721999	151.236977	General
6m0j:ChainA:THR324	-66.832055	161.629266	General
6m0j:ChainA:GLN325	-63.675936	-36.210195	General
6m0j:ChainA:GLY326	-62.027641	-37.893089	Glycine
6m0j:ChainA:PHE327	-52.605361	-51.591430	General
6m0j:ChainA:TRP328	-67.423072	-32.191217	General
6m0j:ChainA:GLU329	-77.337350	-38.151359	General
6m0j:ChainA:ASN330	-106.555553	-15.578881	General
6m0j:ChainA:SER331	-66.833803	158.662606	General
6m0j:ChainA:MET332	-113.746861	107.298681	General
6m0j:ChainA:LEU333	-108.041013	-8.395324	General
6m0j:ChainA:THR334	-129.673357	154.979626	General
6m0j:ChainA:ASP335	-52.567302	121.635366	Pre-Pro
6m0j:ChainA:PRO336	-72.961314	38.244888	Proline
6m0j:ChainA:GLY337	75.300284	-171.606995	Glycine
6m0j:ChainA:ASN338	-101.123293	-20.148391	General
6m0j:ChainA:VAL339	-58.708007	-60.686520	General
6m0j:ChainA:GLN340	-90.049983	137.223123	General
6m0j:ChainA:LYS341	-98.333479	143.959244	General
6m0j:ChainA:ALA342	-132.882376	156.223465	General
6m0j:ChainA:VAL343	-90.231220	102.172150	General
6m0j:ChainA:CYS344	-86.582379	4.628950	General
6m0j:ChainA:HIS345	-63.411851	127.597461	Pre-Pro
6m0j:ChainA:PRO346	-68.766869	127.902127	Proline
6m0j:ChainA:THR347	-141.939079	141.653119	General
6m0j:ChainA:ALA348	-99.479549	122.127356	General
6m0j:ChainA:TRP349	-104.322657	125.573322	General
6m0j:ChainA:ASP350	-112.398263	95.746175	General
6m0j:ChainA:LEU351	-82.697231	-15.120666	General
6m0j:ChainA:GLY352	93.037846	169.423504	Glycine
6m0j:ChainA:LYS353	56.526724	38.443434	General
6m0j:ChainA:GLY354	67.977431	17.305319	Glycine
6m0j:ChainA:ASP355	-102.880745	106.268566	General
6m0j:ChainA:PHE356	-117.967605	137.773347	General
6m0j:ChainA:ARG357	-144.438881	149.492263	General
6m0j:ChainA:ILE358	-112.541794	137.735151	General
6m0j:ChainA:LEU359	-115.690203	118.726862	General
6m0j:ChainA:MET360	-160.728996	129.135581	General
6m0j:ChainA:CYS361	-84.497380	78.008138	General
6m0j:ChainA:THR362	-70.314158	132.663694	General
6m0j:ChainA:LYS363	-105.414350	162.546265	General
6m0j:ChainA:VAL364	-88.329650	73.859846	General
6m0j:ChainA:THR365	-136.722405	162.366850	General
6m0j:ChainA:MET366	-66.264752	-41.277938	General
6m0j:ChainA:ASP367	-51.016413	-54.827028	General
6m0j:ChainA:ASP368	-69.328413	-27.153876	General
6m0j:ChainA:PHE369	-62.172429	-41.846026	General
6m0j:ChainA:LEU370	-71.675304	-39.654373	General
6m0j:ChainA:THR371	-58.817022	-36.884077	General
6m0j:ChainA:ALA372	-64.491228	-38.818021	General
6m0j:ChainA:HIS373	-64.946064	-39.810296	General
6m0j:ChainA:HIS374	-60.452220	-51.727127	General
6m0j:ChainA:GLU375	-67.535688	-38.822922	General
6m0j:ChainA:MET376	-67.070503	-25.441084	General
6m0j:ChainA:GLY377	-62.938260	-42.569796	Glycine
6m0j:ChainA:HIS378	-51.563466	-51.375839	General
6m0j:ChainA:ILE379	-58.326590	-42.794083	General
6m0j:ChainA:GLN380	-62.306744	-39.572505	General
6m0j:ChainA:TYR381	-62.563691	-44.860273	General
6m0j:ChainA:ASP382	-61.722900	-44.672279	General
6m0j:ChainA:MET383	-62.952561	-35.527782	General
6m0j:ChainA:ALA384	-71.607208	-30.119247	General
6m0j:ChainA:TYR385	-104.999671	15.418466	General
6m0j:ChainA:ALA386	-63.052453	-28.317824	General
6m0j:ChainA:ALA387	-77.627848	-9.334227	General
6m0j:ChainA:GLN388	-67.813975	154.679955	Pre-Pro
6m0j:ChainA:PRO389	-57.852239	155.517116	Proline
6m0j:ChainA:PHE390	-48.128278	-47.889522	General
6m0j:ChainA:LEU391	-73.447156	-16.209527	General
6m0j:ChainA:LEU392	-99.686326	10.632271	General
6m0j:ChainA:ARG393	-84.590594	78.422158	General
6m0j:ChainA:ASN394	-163.537924	171.588692	General
6m0j:ChainA:GLY395	-64.748031	156.576690	Glycine
6m0j:ChainA:ALA396	-62.467898	-37.662094	General
6m0j:ChainA:ASN397	-144.522032	-175.289317	General
6m0j:ChainA:GLU398	-57.554575	-25.166702	General
6m0j:ChainA:GLY399	-85.819350	-7.929549	Glycine
6m0j:ChainA:PHE400	-78.782777	-45.029727	General
6m0j:ChainA:HIS401	-58.088638	-47.859090	General
6m0j:ChainA:GLU402	-68.976602	-37.677032	General
6m0j:ChainA:ALA403	-57.074529	-42.526291	General
6m0j:ChainA:VAL404	-64.518006	-42.775098	General
6m0j:ChainA:GLY405	-64.485194	-39.329762	Glycine
6m0j:ChainA:GLU406	-66.231277	-41.859273	General
6m0j:ChainA:ILE407	-62.933406	-26.908464	General
6m0j:ChainA:MET408	-67.033067	-35.074831	General
6m0j:ChainA:SER409	-74.270124	-34.532766	General
6m0j:ChainA:LEU410	-49.048334	-58.351602	General
6m0j:ChainA:SER411	-62.615228	-44.239108	General
6m0j:ChainA:ALA412	-67.860726	-23.270888	General
6m0j:ChainA:ALA413	-91.331229	-17.033133	General
6m0j:ChainA:THR414	-58.237331	150.067705	Pre-Pro
6m0j:ChainA:PRO415	-55.812523	-39.463412	Proline
6m0j:ChainA:LYS416	-51.034936	-50.210989	General
6m0j:ChainA:HIS417	-70.536989	-41.316133	General
6m0j:ChainA:LEU418	-65.668302	-34.613026	General
6m0j:ChainA:LYS419	-66.090078	-43.268938	General
6m0j:ChainA:SER420	-56.966970	-37.485746	General
6m0j:ChainA:ILE421	-96.765522	8.384592	General
6m0j:ChainA:GLY422	76.956787	21.778290	Glycine
6m0j:ChainA:LEU423	-99.845601	-17.428559	General
6m0j:ChainA:LEU424	-120.632110	129.730490	General
6m0j:ChainA:SER425	-61.980069	141.979200	Pre-Pro
6m0j:ChainA:PRO426	-60.552279	-27.733172	Proline
6m0j:ChainA:ASP427	-73.018750	12.494820	General
6m0j:ChainA:PHE428	-77.643101	135.195365	General
6m0j:ChainA:GLN429	-106.369916	103.314029	General
6m0j:ChainA:GLU430	-76.345885	142.659678	General
6m0j:ChainA:ASP431	-152.057567	176.098949	General
6m0j:ChainA:ASN432	-38.628792	-55.202580	General
6m0j:ChainA:GLU433	-71.972174	-45.011695	General
6m0j:ChainA:THR434	-64.652288	-27.508798	General
6m0j:ChainA:GLU435	-77.016586	-38.917529	General
6m0j:ChainA:ILE436	-63.328244	-40.571154	General
6m0j:ChainA:ASN437	-55.147282	-49.277376	General
6m0j:ChainA:PHE438	-63.854748	-47.046984	General
6m0j:ChainA:LEU439	-63.242448	-35.404092	General
6m0j:ChainA:LEU440	-68.009493	-43.593502	General
6m0j:ChainA:LYS441	-58.608550	-45.017881	General
6m0j:ChainA:GLN442	-57.081882	-45.531208	General
6m0j:ChainA:ALA443	-69.007162	-36.766607	General
6m0j:ChainA:LEU444	-53.638745	-40.846625	General
6m0j:ChainA:THR445	-83.251656	-53.600784	General
6m0j:ChainA:ILE446	-78.335969	-54.608539	General
6m0j:ChainA:VAL447	-71.476769	-40.334831	General
6m0j:ChainA:GLY448	-56.220181	-32.218982	Glycine
6m0j:ChainA:THR449	-82.178782	-13.264098	General
6m0j:ChainA:LEU450	-68.646473	-48.201030	Pre-Pro
6m0j:ChainA:PRO451	-65.735688	-36.916598	Proline
6m0j:ChainA:PHE452	-55.910864	-48.077709	General
6m0j:ChainA:THR453	-70.161871	-47.281177	General
6m0j:ChainA:TYR454	-57.912818	-48.532147	General
6m0j:ChainA:MET455	-61.586920	-44.987531	General
6m0j:ChainA:LEU456	-60.666813	-44.261990	General
6m0j:ChainA:GLU457	-71.886971	-36.654030	General
6m0j:ChainA:LYS458	-56.976006	-44.769375	General
6m0j:ChainA:TRP459	-60.993245	-44.751885	General
6m0j:ChainA:ARG460	-63.147162	-44.756580	General
6m0j:ChainA:TRP461	-57.472389	-36.665847	General
6m0j:ChainA:MET462	-77.781241	-36.119316	General
6m0j:ChainA:VAL463	-60.349555	-49.872035	General
6m0j:ChainA:PHE464	-62.628048	-36.077884	General
6m0j:ChainA:LYS465	-72.805805	-10.953546	General
6m0j:ChainA:GLY466	83.330866	8.074975	Glycine
6m0j:ChainA:GLU467	-80.747171	-4.248416	General
6m0j:ChainA:ILE468	-127.235491	106.009417	Pre-Pro
6m0j:ChainA:PRO469	-54.825067	153.071461	Proline
6m0j:ChainA:LYS470	-57.281963	-38.837997	General
6m0j:ChainA:ASP471	-77.109734	2.733322	General
6m0j:ChainA:GLN472	-123.529822	16.254240	General
6m0j:ChainA:TRP473	-55.449666	-55.878026	General
6m0j:ChainA:MET474	-73.830907	-36.168099	General
6m0j:ChainA:LYS475	-55.223940	-44.310727	General
6m0j:ChainA:LYS476	-72.877208	-36.248367	General
6m0j:ChainA:TRP477	-56.233445	-48.019133	General
6m0j:ChainA:TRP478	-78.735806	-25.404008	General
6m0j:ChainA:GLU479	-65.703994	-39.867040	General
6m0j:ChainA:MET480	-73.880904	-34.307539	General
6m0j:ChainA:LYS481	-58.124288	-50.283653	General
6m0j:ChainA:ARG482	-64.650490	-46.518809	General
6m0j:ChainA:GLU483	-70.341236	-53.355270	General
6m0j:ChainA:ILE484	-85.123649	-43.482436	General
6m0j:ChainA:VAL485	-97.377798	-17.872200	General
6m0j:ChainA:GLY486	70.093625	30.798768	Glycine
6m0j:ChainA:VAL487	-124.435068	137.367722	General
6m0j:ChainA:VAL488	-124.062241	139.126930	General
6m0j:ChainA:GLU489	-69.591377	138.128610	Pre-Pro
6m0j:ChainA:PRO490	-82.568872	-4.117120	Proline
6m0j:ChainA:VAL491	-144.436478	133.686675	Pre-Pro
6m0j:ChainA:PRO492	-68.752841	140.262443	Proline
6m0j:ChainA:HIS493	-124.141786	119.849578	General
6m0j:ChainA:ASP494	-82.463702	-167.410594	General
6m0j:ChainA:GLU495	-85.864167	17.135073	General
6m0j:ChainA:THR496	-86.548182	-16.325220	General
6m0j:ChainA:TYR497	-82.868313	159.603903	General
6m0j:ChainA:CYS498	-140.336340	66.945837	General
6m0j:ChainA:ASP499	-60.966468	-36.011650	Pre-Pro
6m0j:ChainA:PRO500	-47.857953	-44.666384	Proline
6m0j:ChainA:ALA501	-73.383575	-14.126840	General
6m0j:ChainA:SER502	-72.584091	-1.677615	General
6m0j:ChainA:LEU503	-102.494741	137.744053	General
6m0j:ChainA:PHE504	-46.081979	-52.526637	General
6m0j:ChainA:HIS505	-62.134597	-29.812093	General
6m0j:ChainA:VAL506	-78.246386	-50.371557	General
6m0j:ChainA:SER507	-72.962690	-18.905097	General
6m0j:ChainA:ASN508	-102.258266	16.313801	General
6m0j:ChainA:ASP509	60.469561	53.063879	General
6m0j:ChainA:TYR510	-120.535949	141.079197	General
6m0j:ChainA:SER511	-74.933049	151.444078	General
6m0j:ChainA:PHE512	-115.387115	-23.747566	General
6m0j:ChainA:ILE513	-60.224902	-20.532476	General
6m0j:ChainA:ARG514	-51.595752	-29.764417	General
6m0j:ChainA:TYR515	-78.386587	-28.523560	General
6m0j:ChainA:TYR516	-68.275341	-58.503239	General
6m0j:ChainA:THR517	-58.354372	-42.890113	General
6m0j:ChainA:ARG518	-56.561167	-41.627160	General
6m0j:ChainA:THR519	-64.503985	-43.537355	General
6m0j:ChainA:LEU520	-64.215294	-46.807263	General
6m0j:ChainA:TYR521	-53.457576	-44.165183	General
6m0j:ChainA:GLN522	-63.610837	-35.601246	General
6m0j:ChainA:PHE523	-78.737661	-30.117885	General
6m0j:ChainA:GLN524	-59.050428	-50.740815	General
6m0j:ChainA:PHE525	-56.267491	-55.619828	General
6m0j:ChainA:GLN526	-58.309024	-39.020280	General
6m0j:ChainA:GLU527	-63.974097	-51.039402	General
6m0j:ChainA:ALA528	-56.444265	-49.885914	General
6m0j:ChainA:LEU529	-65.900304	-32.883605	General
6m0j:ChainA:CYS530	-74.423984	-30.916757	General
6m0j:ChainA:GLN531	-62.427758	-53.076847	General
6m0j:ChainA:ALA532	-56.800371	-23.319073	General
6m0j:ChainA:ALA533	-90.224798	0.338825	General
6m0j:ChainA:LYS534	63.198494	39.613693	General
6m0j:ChainA:HIS535	-77.448560	133.236379	General
6m0j:ChainA:GLU536	-108.968368	132.231336	General
6m0j:ChainA:GLY537	115.514732	-177.881775	Glycine
6m0j:ChainA:PRO538	-63.185119	139.636133	Proline
6m0j:ChainA:LEU539	-53.232506	-35.781411	General
6m0j:ChainA:HIS540	-68.426396	-8.259212	General
6m0j:ChainA:LYS541	-95.527857	2.701902	General
6m0j:ChainA:CYS542	-76.826727	140.256638	General
6m0j:ChainA:ASP543	-126.979443	116.651297	General
6m0j:ChainA:ILE544	-79.258914	0.807749	General
6m0j:ChainA:SER545	-47.230565	142.665640	General
6m0j:ChainA:ASN546	70.655124	8.569181	General
6m0j:ChainA:SER547	-104.702797	95.772500	General
6m0j:ChainA:THR548	-66.085040	-21.958273	General
6m0j:ChainA:GLU549	-67.615102	-39.182585	General
6m0j:ChainA:ALA550	-65.687141	-47.265086	General
6m0j:ChainA:GLY551	-57.658925	-41.194936	Glycine
6m0j:ChainA:GLN552	-64.644419	-45.320417	General
6m0j:ChainA:LYS553	-61.936457	-42.799597	General
6m0j:ChainA:LEU554	-62.431621	-45.684427	General
6m0j:ChainA:PHE555	-61.581782	-32.634239	General
6m0j:ChainA:ASN556	-60.699632	-29.538578	General
6m0j:ChainA:MET557	-86.806870	-39.306932	General
6m0j:ChainA:LEU558	-56.581094	-48.069453	General
6m0j:ChainA:ARG559	-63.909354	-11.557355	General
6m0j:ChainA:LEU560	-71.348421	-30.641899	General
6m0j:ChainA:GLY561	57.325574	-132.641984	Glycine
6m0j:ChainA:LYS562	-112.882242	35.013766	General
6m0j:ChainA:SER563	-80.222746	-21.684838	General
6m0j:ChainA:GLU564	-112.460573	158.201618	Pre-Pro
6m0j:ChainA:PRO565	-54.062280	142.787505	Proline
6m0j:ChainA:TRP566	-62.576644	-30.957772	General
6m0j:ChainA:THR567	-59.351988	-41.874820	General
6m0j:ChainA:LEU568	-70.158906	-45.929059	General
6m0j:ChainA:ALA569	-53.831684	-44.291340	General
6m0j:ChainA:LEU570	-59.101749	-48.250446	General
6m0j:ChainA:GLU571	-60.370307	-33.458421	General
6m0j:ChainA:ASN572	-52.941125	-36.559771	General
6m0j:ChainA:VAL573	-90.346310	-39.879860	General
6m0j:ChainA:VAL574	-122.158401	0.567819	General
6m0j:ChainA:GLY575	75.071434	-5.587714	Glycine
6m0j:ChainA:ALA576	-117.186833	162.613810	General
6m0j:ChainA:LYS577	-104.650224	0.860926	General
6m0j:ChainA:ASN578	-136.660063	164.333296	General
6m0j:ChainA:MET579	-54.652608	139.167673	General
6m0j:ChainA:ASN580	-142.683617	130.931791	General
6m0j:ChainA:VAL581	-82.478238	-21.050671	General
6m0j:ChainA:ARG582	-51.277435	-41.901040	Pre-Pro
6m0j:ChainA:PRO583	-66.244775	-37.336705	Proline
6m0j:ChainA:LEU584	-58.293751	-50.019754	General
6m0j:ChainA:LEU585	-62.385503	-36.154908	General
6m0j:ChainA:ASN586	-62.049157	-43.516373	General
6m0j:ChainA:TYR587	-58.698300	-40.641185	General
6m0j:ChainA:PHE588	-95.538398	5.523732	General
6m0j:ChainA:GLU589	-57.231017	-46.112621	Pre-Pro
6m0j:ChainA:PRO590	-57.226444	-34.258805	Proline
6m0j:ChainA:LEU591	-74.955723	-38.839076	General
6m0j:ChainA:PHE592	-53.959930	-51.421534	General
6m0j:ChainA:THR593	-67.704198	-33.294631	General
6m0j:ChainA:TRP594	-68.912192	-42.868108	General
6m0j:ChainA:LEU595	-58.534615	-46.727088	General
6m0j:ChainA:LYS596	-58.008518	-39.553766	General
6m0j:ChainA:ASP597	-69.587008	-46.625291	General
6m0j:ChainA:GLN598	-53.534214	-42.608878	General
6m0j:ChainA:ASN599	-79.851624	8.916844	General
6m0j:ChainA:LYS600	-65.219881	-27.988663	General
6m0j:ChainA:ASN601	-99.851915	24.569004	General
6m0j:ChainA:SER602	-127.285629	157.503307	General
6m0j:ChainA:PHE603	-73.472357	135.292811	General
6m0j:ChainA:VAL604	-114.109916	122.442782	General
6m0j:ChainA:GLY605	109.177181	178.937945	Glycine
6m0j:ChainA:TRP606	-142.938898	143.091688	General
6m0j:ChainA:SER607	-90.445053	144.322209	General
6m0j:ChainA:THR608	-95.222546	-5.628606	General
6m0j:ChainA:ASP609	-88.369029	-25.101391	General
6m0j:ChainA:TRP610	-61.732297	146.696437	General
6m0j:ChainA:SER611	-150.835820	159.909966	Pre-Pro
6m0j:ChainA:PRO612	-65.600978	-25.317414	Proline
6m0j:ChainA:TYR613	-101.462731	-1.995626	General
6m0j:ChainA:ALA614	-100.444492	112.640894	General
6m0j:ChainE:ASN334	-101.304590	158.637335	General
6m0j:ChainE:LEU335	-82.984297	133.413501	General
6m0j:ChainE:CYS336	-62.511238	130.433033	Pre-Pro
6m0j:ChainE:PRO337	-76.335047	66.295424	Proline
6m0j:ChainE:PHE338	-76.450447	-31.744206	General
6m0j:ChainE:GLY339	-55.961914	-35.533654	Glycine
6m0j:ChainE:GLU340	-77.706650	-17.479976	General
6m0j:ChainE:VAL341	-85.747455	-46.129826	General
6m0j:ChainE:PHE342	-77.031421	-34.771163	General
6m0j:ChainE:ASN343	-105.432432	20.040791	General
6m0j:ChainE:ALA344	-56.150755	142.882659	General
6m0j:ChainE:THR345	-66.225017	-32.735549	General
6m0j:ChainE:ARG346	-138.730086	133.329163	General
6m0j:ChainE:PHE347	-96.401025	166.372010	General
6m0j:ChainE:ALA348	-77.394859	154.937278	General
6m0j:ChainE:SER349	-65.234412	146.513831	General
6m0j:ChainE:VAL350	-66.047142	-31.710338	General
6m0j:ChainE:TYR351	-66.628132	-25.028771	General
6m0j:ChainE:ALA352	-117.707076	51.190921	General
6m0j:ChainE:TRP353	-57.081027	137.646606	General
6m0j:ChainE:ASN354	-83.047685	142.183451	General
6m0j:ChainE:ARG355	-124.847249	129.115656	General
6m0j:ChainE:LYS356	-117.376232	124.272263	General
6m0j:ChainE:ARG357	-79.832011	129.552475	General
6m0j:ChainE:ILE358	-105.587462	127.039526	General
6m0j:ChainE:SER359	-154.152207	155.247729	General
6m0j:ChainE:ASN360	49.300308	64.176281	General
6m0j:ChainE:CYS361	-167.688288	169.127514	General
6m0j:ChainE:VAL362	-111.746573	127.157881	General
6m0j:ChainE:ALA363	-117.000172	123.488954	General
6m0j:ChainE:ASP364	-98.564390	85.908902	General
6m0j:ChainE:TYR365	-68.882808	-11.739674	General
6m0j:ChainE:SER366	-95.186884	-3.337504	General
6m0j:ChainE:VAL367	-82.747677	-30.231628	General
6m0j:ChainE:LEU368	-67.140729	-51.313764	General
6m0j:ChainE:TYR369	-60.292536	-49.639587	General
6m0j:ChainE:ASN370	-80.728968	22.472826	General
6m0j:ChainE:SER371	-75.536151	-30.366283	General
6m0j:ChainE:ALA372	58.770409	34.479106	General
6m0j:ChainE:SER373	-123.433627	4.394115	General
6m0j:ChainE:PHE374	-108.492271	137.457504	General
6m0j:ChainE:SER375	-84.684361	-16.285354	General
6m0j:ChainE:THR376	-138.968980	131.843602	General
6m0j:ChainE:PHE377	-155.200866	79.348952	General
6m0j:ChainE:LYS378	-117.571703	109.761563	General
6m0j:ChainE:CYS379	-88.618486	150.556920	General
6m0j:ChainE:TYR380	-124.105925	102.328850	General
6m0j:ChainE:GLY381	129.827374	-42.206197	Glycine
6m0j:ChainE:VAL382	-163.677180	151.536021	General
6m0j:ChainE:SER383	-70.797746	143.841409	Pre-Pro
6m0j:ChainE:PRO384	-54.886278	-48.337961	Proline
6m0j:ChainE:THR385	-49.256322	-35.575645	General
6m0j:ChainE:LYS386	-92.048144	-31.738881	General
6m0j:ChainE:LEU387	-77.246535	-17.225150	General
6m0j:ChainE:ASN388	-58.946174	-16.736034	General
6m0j:ChainE:ASP389	-105.130193	61.026054	General
6m0j:ChainE:LEU390	-158.206051	164.881212	General
6m0j:ChainE:CYS391	-137.736518	140.449635	General
6m0j:ChainE:PHE392	-130.769564	157.844070	General
6m0j:ChainE:THR393	-71.211078	-48.448720	General
6m0j:ChainE:ASN394	-136.894665	141.981818	General
6m0j:ChainE:VAL395	-116.485677	135.901472	General
6m0j:ChainE:TYR396	-112.894061	143.406926	General
6m0j:ChainE:ALA397	-129.145074	97.709536	General
6m0j:ChainE:ASP398	-87.958678	137.284780	General
6m0j:ChainE:SER399	-140.065815	149.722405	General
6m0j:ChainE:PHE400	-173.541062	176.144037	General
6m0j:ChainE:VAL401	-122.780327	137.947585	General
6m0j:ChainE:ILE402	-141.927014	176.151160	General
6m0j:ChainE:ARG403	-69.369103	148.181413	General
6m0j:ChainE:GLY404	-49.406646	-48.441279	Glycine
6m0j:ChainE:ASP405	-60.104349	-12.181812	General
6m0j:ChainE:GLU406	-105.774655	-8.130688	General
6m0j:ChainE:VAL407	-57.127467	-30.173648	General
6m0j:ChainE:ARG408	-65.523463	-15.422787	General
6m0j:ChainE:GLN409	-83.106089	-10.104106	General
6m0j:ChainE:ILE410	-87.022670	70.696270	General
6m0j:ChainE:ALA411	-164.805728	154.498479	Pre-Pro
6m0j:ChainE:PRO412	-67.723086	141.137758	Proline
6m0j:ChainE:GLY413	72.327574	29.381656	Glycine
6m0j:ChainE:GLN414	-104.345658	155.155259	General
6m0j:ChainE:THR415	-122.822382	176.641267	General
6m0j:ChainE:GLY416	120.622503	170.069791	Glycine
6m0j:ChainE:LYS417	-57.154593	-41.971070	General
6m0j:ChainE:ILE418	-69.260880	-55.376128	General
6m0j:ChainE:ALA419	-61.570675	-35.571743	General
6m0j:ChainE:ASP420	-81.740747	-39.747891	General
6m0j:ChainE:TYR421	-117.980652	-5.224533	General
6m0j:ChainE:ASN422	-126.942748	-56.948020	General
6m0j:ChainE:TYR423	-147.751696	117.376624	General
6m0j:ChainE:LYS424	-119.875200	119.923315	General
6m0j:ChainE:LEU425	-88.031754	139.314038	Pre-Pro
6m0j:ChainE:PRO426	-72.939446	166.187756	Proline
6m0j:ChainE:ASP427	-61.932139	-53.458437	General
6m0j:ChainE:ASP428	-81.871895	45.458678	General
6m0j:ChainE:PHE429	-72.070559	133.704476	General
6m0j:ChainE:THR430	-117.314653	6.829207	General
6m0j:ChainE:GLY431	-96.007968	-155.980012	Glycine
6m0j:ChainE:CYS432	-121.312160	150.237241	General
6m0j:ChainE:VAL433	-118.841728	118.105677	General
6m0j:ChainE:ILE434	-116.338820	142.665683	General
6m0j:ChainE:ALA435	-152.934169	155.772050	General
6m0j:ChainE:TRP436	-154.707858	159.779297	General
6m0j:ChainE:ASN437	-79.056582	128.150909	General
6m0j:ChainE:SER438	-121.417420	27.630960	General
6m0j:ChainE:ASN439	-53.635479	-32.071973	General
6m0j:ChainE:ASN440	-70.737935	-23.812553	General
6m0j:ChainE:LEU441	-109.681785	-34.755911	General
6m0j:ChainE:ASP442	-104.619087	4.429245	General
6m0j:ChainE:SER443	-128.059040	161.200696	General
6m0j:ChainE:LYS444	-159.250010	159.547509	General
6m0j:ChainE:VAL445	-67.480940	144.902803	General
6m0j:ChainE:GLY446	78.370506	-20.514896	Glycine
6m0j:ChainE:GLY447	115.628368	133.783226	Glycine
6m0j:ChainE:ASN448	-101.822015	116.207591	General
6m0j:ChainE:TYR449	-106.577351	14.196202	General
6m0j:ChainE:ASN450	-62.766461	-33.870975	General
6m0j:ChainE:TYR451	-97.084540	132.454572	General
6m0j:ChainE:LEU452	-121.736075	163.093432	General
6m0j:ChainE:TYR453	-142.311959	158.128423	General
6m0j:ChainE:ARG454	-86.510033	125.155759	General
6m0j:ChainE:LEU455	-93.062801	-34.458304	General
6m0j:ChainE:PHE456	-130.258137	150.733538	General
6m0j:ChainE:ARG457	-160.337224	146.051947	General
6m0j:ChainE:LYS458	-61.715736	-18.766895	General
6m0j:ChainE:SER459	-163.880404	177.750616	General
6m0j:ChainE:ASN460	-87.967118	155.423324	General
6m0j:ChainE:LEU461	-74.907346	142.930971	General
6m0j:ChainE:LYS462	-74.400254	155.335412	Pre-Pro
6m0j:ChainE:PRO463	-54.501285	139.998294	Proline
6m0j:ChainE:PHE464	56.053545	19.065793	General
6m0j:ChainE:GLU465	-79.457549	156.688410	General
6m0j:ChainE:ARG466	-133.407154	130.253026	General
6m0j:ChainE:ASP467	-119.983112	118.607078	General
6m0j:ChainE:ILE468	-115.201711	13.114446	General
6m0j:ChainE:SER469	-62.380036	155.904107	General
6m0j:ChainE:THR470	-124.674272	32.709886	General
6m0j:ChainE:GLU471	-74.904366	135.803085	General
6m0j:ChainE:ILE472	-61.530492	133.203651	General
6m0j:ChainE:TYR473	-81.687913	120.993164	General
6m0j:ChainE:GLN474	-89.587523	100.107685	General
6m0j:ChainE:ALA475	-84.842389	-23.280145	General
6m0j:ChainE:GLY476	-105.544399	-157.362225	Glycine
6m0j:ChainE:SER477	-95.070086	-28.237725	General
6m0j:ChainE:THR478	-72.269817	131.064388	Pre-Pro
6m0j:ChainE:PRO479	-61.914242	164.759652	Proline
6m0j:ChainE:CYS480	-98.921054	-25.445417	General
6m0j:ChainE:ASN481	53.094483	40.627713	General
6m0j:ChainE:GLY482	64.548191	22.359312	Glycine
6m0j:ChainE:VAL483	-137.883461	158.034210	General
6m0j:ChainE:GLU484	-78.173704	138.786891	General
6m0j:ChainE:GLY485	-167.313950	-161.268419	Glycine
6m0j:ChainE:PHE486	-53.274152	123.703550	General
6m0j:ChainE:ASN487	62.064836	21.840526	General
6m0j:ChainE:CYS488	-135.829864	102.205329	General
6m0j:ChainE:TYR489	-117.111483	136.273052	General
6m0j:ChainE:PHE490	-55.459935	127.361412	Pre-Pro
6m0j:ChainE:PRO491	-81.907326	-5.103908	Proline
6m0j:ChainE:LEU492	-115.252562	122.924062	General
6m0j:ChainE:GLN493	-107.886180	151.197147	General
6m0j:ChainE:SER494	-89.428075	138.077180	General
6m0j:ChainE:TYR495	-69.866813	150.093469	General
6m0j:ChainE:GLY496	-119.663313	95.457151	Glycine
6m0j:ChainE:PHE497	-92.818939	106.680232	General
6m0j:ChainE:GLN498	-103.545766	144.492882	Pre-Pro
6m0j:ChainE:PRO499	-61.407609	-19.543850	Proline
6m0j:ChainE:THR500	-89.488232	0.753777	General
6m0j:ChainE:ASN501	-61.162077	159.083657	General
6m0j:ChainE:GLY502	-70.729999	164.403660	Glycine
6m0j:ChainE:VAL503	-57.644992	-34.542248	General
6m0j:ChainE:GLY504	-64.879684	-19.564619	Glycine
6m0j:ChainE:TYR505	-109.311243	-3.446664	General
6m0j:ChainE:GLN506	-78.388072	155.718980	Pre-Pro
6m0j:ChainE:PRO507	-75.655248	142.879175	Proline
6m0j:ChainE:TYR508	-128.041730	123.972837	General
6m0j:ChainE:ARG509	-77.279754	135.871387	General
6m0j:ChainE:VAL510	-127.426833	130.764347	General
6m0j:ChainE:VAL511	-120.447332	127.979753	General
6m0j:ChainE:VAL512	-111.691019	126.992167	General
6m0j:ChainE:LEU513	-106.518613	116.259879	General
6m0j:ChainE:SER514	-101.825648	132.569425	General
6m0j:ChainE:PHE515	-112.713909	126.910262	General
6m0j:ChainE:GLU516	-125.423823	148.706148	General
6m0j:ChainE:LEU517	-122.305880	134.277172	General
6m0j:ChainE:LEU518	-137.537583	-160.489544	General
6m0j:ChainE:HIS519	-89.874939	-14.912067	General
6m0j:ChainE:ALA520	-82.571884	159.662839	Pre-Pro
6m0j:ChainE:PRO521	-60.086291	150.437428	Proline
6m0j:ChainE:ALA522	-84.065212	100.970489	General
6m0j:ChainE:THR523	-90.262678	1.884642	General
6m0j:ChainE:VAL524	-123.851108	119.818088	General
6m0j:ChainE:CYS525	-138.829957	-175.275346	General
